course,course_slug,title,pdf_url,object_id,type
DevHub Library,aptitude-teacher2,Future Scope of Project,https://api.asia-se1.learnworlds.com/unlock/file?lw_client=62a6cd5e1e9e2fbf212d608d&access_token=slxaAIaxHkGLVNaGmPmdW1h9w6QCnMMMju9b9QGf&file=pdf/Future Scope of Project.pdf,68749654bcc628c30704ece8,pdf
DevHub Library,aptitude-teacher2,Project Codebase,https://api.asia-se1.learnworlds.com/unlock/file?lw_client=62a6cd5e1e9e2fbf212d608d&access_token=slxaAIaxHkGLVNaGmPmdW1h9w6QCnMMMju9b9QGf&file=pdf/SigmaGPT Code.pdf,6874963b2f6cfb0b6b0677b6,pdf
DevHub Library,aptitude-teacher2,Project Codebase,https://api.asia-se1.learnworlds.com/unlock/file?lw_client=62a6cd5e1e9e2fbf212d608d&access_token=slxaAIaxHkGLVNaGmPmdW1h9w6QCnMMMju9b9QGf&file=pdf/Github Project.pdf,66c4936b512a2550660a1516,pdf
DevHub Library,aptitude-teacher2,Project Codebase,https://api.asia-se1.learnworlds.com/unlock/file?lw_client=62a6cd5e1e9e2fbf212d608d&access_token=slxaAIaxHkGLVNaGmPmdW1h9w6QCnMMMju9b9QGf&file=pdf/Zerodha Project updated.pdf,6673f64f8f9582e1190fc9f5,pdf
DevHub Library,aptitude-teacher2,Project Assets,https://api.asia-se1.learnworlds.com/unlock/file?lw_client=62a6cd5e1e9e2fbf212d608d&access_token=slxaAIaxHkGLVNaGmPmdW1h9w6QCnMMMju9b9QGf&file=pdf/Assets Zerodha.pdf,6682d3ddc61b4b85d508ff45,pdf
DevHub Library,aptitude-teacher2,Feedback Form,https://api.asia-se1.learnworlds.com/unlock/file?lw_client=62a6cd5e1e9e2fbf212d608d&access_token=slxaAIaxHkGLVNaGmPmdW1h9w6QCnMMMju9b9QGf&file=pdf/Feedback.pdf,66826e1424df99e339020fe5,pdf
DevHub Library,aptitude-teacher2,Reason for Error,https://api.asia-se1.learnworlds.com/unlock/file?lw_client=62a6cd5e1e9e2fbf212d608d&access_token=slxaAIaxHkGLVNaGmPmdW1h9w6QCnMMMju9b9QGf&file=pdf/Error Reason.pdf,668193cbf85fd26c6b03f045,pdf
DevHub Library,aptitude-teacher2,Navigator (Reading Material),https://api.asia-se1.learnworlds.com/unlock/file?lw_client=62a6cd5e1e9e2fbf212d608d&access_token=slxaAIaxHkGLVNaGmPmdW1h9w6QCnMMMju9b9QGf&file=pdf/Navigator.pdf,6681655a311f17af470db275,pdf
DevHub Library,aptitude-teacher2,CORS (Reading Material),https://api.asia-se1.learnworlds.com/unlock/file?lw_client=62a6cd5e1e9e2fbf212d608d&access_token=slxaAIaxHkGLVNaGmPmdW1h9w6QCnMMMju9b9QGf&file=pdf/CORS updated.pdf,66815e612c73d7e88d080b96,pdf
DevHub Library,aptitude-teacher2,socket.io Assignment,https://api.asia-se1.learnworlds.com/unlock/file?lw_client=62a6cd5e1e9e2fbf212d608d&access_token=slxaAIaxHkGLVNaGmPmdW1h9w6QCnMMMju9b9QGf&file=pdf/Socket.io.pdf,668161cefa4dad338a05f063,pdf
DevHub Library,aptitude-teacher2,Tokens (Reading Material),https://api.asia-se1.learnworlds.com/unlock/file?lw_client=62a6cd5e1e9e2fbf212d608d&access_token=slxaAIaxHkGLVNaGmPmdW1h9w6QCnMMMju9b9QGf&file=pdf/Tokens.pdf,6681609addb2a752a30ac3a3,pdf
DevHub Library,aptitude-teacher2,Project Codebase,https://api.asia-se1.learnworlds.com/unlock/file?lw_client=62a6cd5e1e9e2fbf212d608d&access_token=slxaAIaxHkGLVNaGmPmdW1h9w6QCnMMMju9b9QGf&file=pdf/Zoom Project.pdf,6681595be51f5da5060418c5,pdf
DevHub Library,aptitude-teacher2,Feedback Form,https://api.asia-se1.learnworlds.com/unlock/file?lw_client=62a6cd5e1e9e2fbf212d608d&access_token=slxaAIaxHkGLVNaGmPmdW1h9w6QCnMMMju9b9QGf&file=pdf/Feedback.pdf,667bf214a14d776a680d8545,pdf
Aptitude Preparation (English),delta-library,Feedback Form Link,https://api.asia-se1.learnworlds.com/unlock/file?lw_client=62a6cd5e1e9e2fbf212d608d&access_token=slxaAIaxHkGLVNaGmPmdW1h9w6QCnMMMju9b9QGf&file=pdf/Feedback Form for the Aptitude Course.pdf,66bf4185e28f35edb40ff505,pdf
Aptitude Preparation (Hinglish),plus-library,Feedback Form Link,https://api.asia-se1.learnworlds.com/unlock/file?lw_client=62a6cd5e1e9e2fbf212d608d&access_token=slxaAIaxHkGLVNaGmPmdW1h9w6QCnMMMju9b9QGf&file=pdf/Feedback Form for the Aptitude Course.pdf,66bf436edfc7a8515f054fa6,pdf
Sigma 8.0,sigma-8,Homework Activity,https://api.asia-se1.learnworlds.com/unlock/file?lw_client=62a6cd5e1e9e2fbf212d608d&access_token=slxaAIaxHkGLVNaGmPmdW1h9w6QCnMMMju9b9QGf&file=pdf/React Activity.pdf,68d3fa0826af06db090167eb,pdf
Sigma 8.0,sigma-8,Sample Data for DB,https://api.asia-se1.learnworlds.com/unlock/file?lw_client=62a6cd5e1e9e2fbf212d608d&access_token=slxaAIaxHkGLVNaGmPmdW1h9w6QCnMMMju9b9QGf&file=pdf/MajorProject.pdf,68af143d5b988143e602fb26,pdf
Sigma 8.0,sigma-8,Installation Resources,https://api.asia-se1.learnworlds.com/unlock/file?lw_client=62a6cd5e1e9e2fbf212d608d&access_token=slxaAIaxHkGLVNaGmPmdW1h9w6QCnMMMju9b9QGf&file=pdf/MongoDB Installation.pdf,68a48c17c68931e41305b430,pdf
Sigma 8.0,sigma-8,Summary Sheet,https://api.asia-se1.learnworlds.com/unlock/file?lw_client=62a6cd5e1e9e2fbf212d608d&access_token=slxaAIaxHkGLVNaGmPmdW1h9w6QCnMMMju9b9QGf&file=pdf/JS OOPS 11 (Qs).pdf,688f6e5157ce496f9609b481,pdf
Sigma 8.0,sigma-8,Download data.json,https://api.asia-se1.learnworlds.com/unlock/file?lw_client=62a6cd5e1e9e2fbf212d608d&access_token=slxaAIaxHkGLVNaGmPmdW1h9w6QCnMMMju9b9QGf&file=pdf/Git Cheatsheet.pdf,688f6e5157ce496f9609b475,pdf
Sigma 8.0,sigma-8,Installation Links,https://api.asia-se1.learnworlds.com/unlock/file?lw_client=62a6cd5e1e9e2fbf212d608d&access_token=slxaAIaxHkGLVNaGmPmdW1h9w6QCnMMMju9b9QGf&file=pdf/Node Installation.pdf,688f6e5157ce496f9609b45a,pdf
Sigma 8.0,sigma-8,Free APIs List for Project,https://api.asia-se1.learnworlds.com/unlock/file?lw_client=62a6cd5e1e9e2fbf212d608d&access_token=slxaAIaxHkGLVNaGmPmdW1h9w6QCnMMMju9b9QGf&file=pdf/Free APIs for Project.pdf,686a841685a1f5f5ee0c9d45,pdf
Sigma 8.0,sigma-8,Assignment Questions,https://api.asia-se1.learnworlds.com/unlock/file?lw_client=62a6cd5e1e9e2fbf212d608d&access_token=slxaAIaxHkGLVNaGmPmdW1h9w6QCnMMMju9b9QGf&file=pdf/JS Part 10 (Qs).pdf,686a841585a1f5f5ee0c9d1b,pdf
Sigma 8.0,sigma-8,Assignment Solutions,https://api.asia-se1.learnworlds.com/unlock/file?lw_client=62a6cd5e1e9e2fbf212d608d&access_token=slxaAIaxHkGLVNaGmPmdW1h9w6QCnMMMju9b9QGf&file=pdf/JS Part 9 (Ans).pdf,686a841585a1f5f5ee0c9d10,pdf
Sigma 8.0,sigma-8,Assignment Questions,https://api.asia-se1.learnworlds.com/unlock/file?lw_client=62a6cd5e1e9e2fbf212d608d&access_token=slxaAIaxHkGLVNaGmPmdW1h9w6QCnMMMju9b9QGf&file=pdf/JS Part 9 (Qs) (1).pdf,686a841585a1f5f5ee0c9d0f,pdf
Sigma 8.0,sigma-8,Link for Download,https://api.asia-se1.learnworlds.com/unlock/file?lw_client=62a6cd5e1e9e2fbf212d608d&access_token=slxaAIaxHkGLVNaGmPmdW1h9w6QCnMMMju9b9QGf&file=pdf/Untitled document (1).pdf,686a841585a1f5f5ee0c9d02,pdf
Sigma 8.0,sigma-8,Assignment Solutions,https://api.asia-se1.learnworlds.com/unlock/file?lw_client=62a6cd5e1e9e2fbf212d608d&access_token=slxaAIaxHkGLVNaGmPmdW1h9w6QCnMMMju9b9QGf&file=pdf/JS Part 8 (Ans).pdf,686a841585a1f5f5ee0c9cfe,pdf
Sigma 8.0,sigma-8,Assignment Qs,https://api.asia-se1.learnworlds.com/unlock/file?lw_client=62a6cd5e1e9e2fbf212d608d&access_token=slxaAIaxHkGLVNaGmPmdW1h9w6QCnMMMju9b9QGf&file=pdf/JS Part 8 (Qs).pdf,686a841585a1f5f5ee0c9cfd,pdf
Sigma 8.0,sigma-8,Assignment Solutions,https://api.asia-se1.learnworlds.com/unlock/file?lw_client=62a6cd5e1e9e2fbf212d608d&access_token=slxaAIaxHkGLVNaGmPmdW1h9w6QCnMMMju9b9QGf&file=pdf/JS Part 7 (Ans).pdf,686a841585a1f5f5ee0c9cef,pdf
Sigma 8.0,sigma-8,Assignment Questions,https://api.asia-se1.learnworlds.com/unlock/file?lw_client=62a6cd5e1e9e2fbf212d608d&access_token=slxaAIaxHkGLVNaGmPmdW1h9w6QCnMMMju9b9QGf&file=pdf/JS Part 7 (Qs).pdf,686a841585a1f5f5ee0c9cee,pdf
Sigma 8.0,sigma-8,Assignment Solutions,https://api.asia-se1.learnworlds.com/unlock/file?lw_client=62a6cd5e1e9e2fbf212d608d&access_token=slxaAIaxHkGLVNaGmPmdW1h9w6QCnMMMju9b9QGf&file=pdf/JS Part 6 (Ans).pdf,686a841585a1f5f5ee0c9ce5,pdf
Sigma 8.0,sigma-8,Assignment Questions,https://api.asia-se1.learnworlds.com/unlock/file?lw_client=62a6cd5e1e9e2fbf212d608d&access_token=slxaAIaxHkGLVNaGmPmdW1h9w6QCnMMMju9b9QGf&file=pdf/1-JS Part 6 (Qs).pdf,686a841585a1f5f5ee0c9ce4,pdf
Sigma 8.0,sigma-8,Assignment Solutions,https://api.asia-se1.learnworlds.com/unlock/file?lw_client=62a6cd5e1e9e2fbf212d608d&access_token=slxaAIaxHkGLVNaGmPmdW1h9w6QCnMMMju9b9QGf&file=pdf/JS Part 5 (Ans).pdf,686a841485a1f5f5ee0c9cd2,pdf
Sigma 8.0,sigma-8,Assignment Questions,https://api.asia-se1.learnworlds.com/unlock/file?lw_client=62a6cd5e1e9e2fbf212d608d&access_token=slxaAIaxHkGLVNaGmPmdW1h9w6QCnMMMju9b9QGf&file=pdf/JS Part 5 (Qs).pdf,686a841485a1f5f5ee0c9cd1,pdf
Sigma 8.0,sigma-8,Assignment Solutions,https://api.asia-se1.learnworlds.com/unlock/file?lw_client=62a6cd5e1e9e2fbf212d608d&access_token=slxaAIaxHkGLVNaGmPmdW1h9w6QCnMMMju9b9QGf&file=pdf/JS Part 4 (Ans).pdf,686a841485a1f5f5ee0c9cc4,pdf
Sigma 8.0,sigma-8,Assignment Questions,https://api.asia-se1.learnworlds.com/unlock/file?lw_client=62a6cd5e1e9e2fbf212d608d&access_token=slxaAIaxHkGLVNaGmPmdW1h9w6QCnMMMju9b9QGf&file=pdf/JS Part 4 (Qs).pdf,686a841485a1f5f5ee0c9cc3,pdf
Sigma 8.0,sigma-8,Assignment Solutions,https://api.asia-se1.learnworlds.com/unlock/file?lw_client=62a6cd5e1e9e2fbf212d608d&access_token=slxaAIaxHkGLVNaGmPmdW1h9w6QCnMMMju9b9QGf&file=pdf/JS Part 3 (Ans).pdf,686a841485a1f5f5ee0c9cb3,pdf
Sigma 8.0,sigma-8,Assignment Questions,https://api.asia-se1.learnworlds.com/unlock/file?lw_client=62a6cd5e1e9e2fbf212d608d&access_token=slxaAIaxHkGLVNaGmPmdW1h9w6QCnMMMju9b9QGf&file=pdf/JS Part3 (Qs).pdf,686a841485a1f5f5ee0c9cb2,pdf
Sigma 8.0,sigma-8,Assignment Solutions,https://api.asia-se1.learnworlds.com/unlock/file?lw_client=62a6cd5e1e9e2fbf212d608d&access_token=slxaAIaxHkGLVNaGmPmdW1h9w6QCnMMMju9b9QGf&file=pdf/JS Part 2 (Ans).pdf,686a841485a1f5f5ee0c9c98,pdf
Sigma 8.0,sigma-8,Assignment Questions,https://api.asia-se1.learnworlds.com/unlock/file?lw_client=62a6cd5e1e9e2fbf212d608d&access_token=slxaAIaxHkGLVNaGmPmdW1h9w6QCnMMMju9b9QGf&file=pdf/JS Part2 (Qs).pdf,686a841485a1f5f5ee0c9c97,pdf
Sigma 8.0,sigma-8,Download Starter Assets,https://api.asia-se1.learnworlds.com/unlock/file?lw_client=62a6cd5e1e9e2fbf212d608d&access_token=slxaAIaxHkGLVNaGmPmdW1h9w6QCnMMMju9b9QGf&file=pdf/Download Starter HTML (4).pdf,685ffaa6e566eeb1db05a04f,pdf
Sigma 8.0,sigma-8,Assignment Solution,https://api.asia-se1.learnworlds.com/unlock/file?lw_client=62a6cd5e1e9e2fbf212d608d&access_token=slxaAIaxHkGLVNaGmPmdW1h9w6QCnMMMju9b9QGf&file=pdf/Bootstrap (Ans).pdf,685ffaa6e566eeb1db05a04e,pdf
Sigma 8.0,sigma-8,Assignment Question,https://api.asia-se1.learnworlds.com/unlock/file?lw_client=62a6cd5e1e9e2fbf212d608d&access_token=slxaAIaxHkGLVNaGmPmdW1h9w6QCnMMMju9b9QGf&file=pdf/Bootstrap (Qs).pdf,685ffaa6e566eeb1db05a04d,pdf
Sigma 8.0,sigma-8,Starter Files,https://api.asia-se1.learnworlds.com/unlock/file?lw_client=62a6cd5e1e9e2fbf212d608d&access_token=slxaAIaxHkGLVNaGmPmdW1h9w6QCnMMMju9b9QGf&file=pdf/Download Starter HTML (3).pdf,685ffaa6e566eeb1db05a038,pdf
Sigma 8.0,sigma-8,Installation Resources,https://api.asia-se1.learnworlds.com/unlock/file?lw_client=62a6cd5e1e9e2fbf212d608d&access_token=slxaAIaxHkGLVNaGmPmdW1h9w6QCnMMMju9b9QGf&file=pdf/1-Installation Guide.pdf,6856f997fbe23c1c560c0fe7,pdf
Sigma 8.0,sigma-8,Assignment Solutions,https://api.asia-se1.learnworlds.com/unlock/file?lw_client=62a6cd5e1e9e2fbf212d608d&access_token=slxaAIaxHkGLVNaGmPmdW1h9w6QCnMMMju9b9QGf&file=pdf/CSS Part 6 (Ans).pdf,685029f238b8337000068f03,pdf
Sigma 8.0,sigma-8,Assignment Questions,https://api.asia-se1.learnworlds.com/unlock/file?lw_client=62a6cd5e1e9e2fbf212d608d&access_token=slxaAIaxHkGLVNaGmPmdW1h9w6QCnMMMju9b9QGf&file=pdf/CSS Part6 (Qs).pdf,685029f238b8337000068f02,pdf
Sigma 8.0,sigma-8,Download Starter Files (Pet Adoption),https://api.asia-se1.learnworlds.com/unlock/file?lw_client=62a6cd5e1e9e2fbf212d608d&access_token=slxaAIaxHkGLVNaGmPmdW1h9w6QCnMMMju9b9QGf&file=pdf/Download Starter HTML (2).pdf,685029f238b8337000068f00,pdf
Sigma 8.0,sigma-8,FlexBox Summary,https://api.asia-se1.learnworlds.com/unlock/file?lw_client=62a6cd5e1e9e2fbf212d608d&access_token=slxaAIaxHkGLVNaGmPmdW1h9w6QCnMMMju9b9QGf&file=pdf/Flowchart-1-2 2.pdf,685029f238b8337000068ef1,pdf
Sigma 8.0,sigma-8,Assignment Solutions,https://api.asia-se1.learnworlds.com/unlock/file?lw_client=62a6cd5e1e9e2fbf212d608d&access_token=slxaAIaxHkGLVNaGmPmdW1h9w6QCnMMMju9b9QGf&file=pdf/CSS Part 5 (Ans).pdf,685029f238b8337000068ef0,pdf
Sigma 8.0,sigma-8,Assignment Questions,https://api.asia-se1.learnworlds.com/unlock/file?lw_client=62a6cd5e1e9e2fbf212d608d&access_token=slxaAIaxHkGLVNaGmPmdW1h9w6QCnMMMju9b9QGf&file=pdf/CSS Part5(Qs).pdf,685029f238b8337000068eef,pdf
Sigma 8.0,sigma-8,Assignment Solutions,https://api.asia-se1.learnworlds.com/unlock/file?lw_client=62a6cd5e1e9e2fbf212d608d&access_token=slxaAIaxHkGLVNaGmPmdW1h9w6QCnMMMju9b9QGf&file=pdf/CSS Part 4 (Ans).pdf,685029f238b8337000068ee4,pdf
Sigma 8.0,sigma-8,Assignment Questions,https://api.asia-se1.learnworlds.com/unlock/file?lw_client=62a6cd5e1e9e2fbf212d608d&access_token=slxaAIaxHkGLVNaGmPmdW1h9w6QCnMMMju9b9QGf&file=pdf/CSS Part4 (Qs) (1).pdf,685029f238b8337000068ee3,pdf
Sigma 8.0,sigma-8,Assignment Solutions,https://api.asia-se1.learnworlds.com/unlock/file?lw_client=62a6cd5e1e9e2fbf212d608d&access_token=slxaAIaxHkGLVNaGmPmdW1h9w6QCnMMMju9b9QGf&file=pdf/CSS Part 3 (Ans).pdf,685029f238b8337000068ed7,pdf
Sigma 8.0,sigma-8,Assignment Questions,https://api.asia-se1.learnworlds.com/unlock/file?lw_client=62a6cd5e1e9e2fbf212d608d&access_token=slxaAIaxHkGLVNaGmPmdW1h9w6QCnMMMju9b9QGf&file=pdf/CSS Part3 (Qs).pdf,685029f238b8337000068ed6,pdf
Sigma 8.0,sigma-8,Conclusions (Block & Inline),https://api.asia-se1.learnworlds.com/unlock/file?lw_client=62a6cd5e1e9e2fbf212d608d&access_token=slxaAIaxHkGLVNaGmPmdW1h9w6QCnMMMju9b9QGf&file=pdf/Conclusion (Inline & Block).pdf,685029f138b8337000068ed2,pdf
Sigma 8.0,sigma-8,Download Starter HTML,https://api.asia-se1.learnworlds.com/unlock/file?lw_client=62a6cd5e1e9e2fbf212d608d&access_token=slxaAIaxHkGLVNaGmPmdW1h9w6QCnMMMju9b9QGf&file=pdf/Download Starter HTML (1).pdf,685029f138b8337000068ec9,pdf
Sigma 8.0,sigma-8,Assignment Solutions,https://api.asia-se1.learnworlds.com/unlock/file?lw_client=62a6cd5e1e9e2fbf212d608d&access_token=slxaAIaxHkGLVNaGmPmdW1h9w6QCnMMMju9b9QGf&file=pdf/CSS Part 2 (Ans) (1).pdf,685029f138b8337000068ec8,pdf
Sigma 8.0,sigma-8,Assignment Questions,https://api.asia-se1.learnworlds.com/unlock/file?lw_client=62a6cd5e1e9e2fbf212d608d&access_token=slxaAIaxHkGLVNaGmPmdW1h9w6QCnMMMju9b9QGf&file=pdf/CSS Part2 (Qs).pdf,685029f138b8337000068ec7,pdf
Sigma 8.0,sigma-8,Download Starter HTML,https://api.asia-se1.learnworlds.com/unlock/file?lw_client=62a6cd5e1e9e2fbf212d608d&access_token=slxaAIaxHkGLVNaGmPmdW1h9w6QCnMMMju9b9QGf&file=pdf/Download Starter HTML.pdf,685029f138b8337000068eb5,pdf
Sigma 8.0,sigma-8,Assignment Solutions,https://api.asia-se1.learnworlds.com/unlock/file?lw_client=62a6cd5e1e9e2fbf212d608d&access_token=slxaAIaxHkGLVNaGmPmdW1h9w6QCnMMMju9b9QGf&file=pdf/CSS Part 1 (Ans).pdf,685029f138b8337000068eb4,pdf
Sigma 8.0,sigma-8,Assignment Questions,https://api.asia-se1.learnworlds.com/unlock/file?lw_client=62a6cd5e1e9e2fbf212d608d&access_token=slxaAIaxHkGLVNaGmPmdW1h9w6QCnMMMju9b9QGf&file=pdf/CSS Part1 (Qs) (1).pdf,685029f138b8337000068eb3,pdf
Sigma 8.0,sigma-8,Assignment Solutions,https://api.asia-se1.learnworlds.com/unlock/file?lw_client=62a6cd5e1e9e2fbf212d608d&access_token=slxaAIaxHkGLVNaGmPmdW1h9w6QCnMMMju9b9QGf&file=pdf/HTML Level 3 (Ans).pdf,684c300313b1b63cf407ad48,pdf
Sigma 8.0,sigma-8,Assignment Questions,https://api.asia-se1.learnworlds.com/unlock/file?lw_client=62a6cd5e1e9e2fbf212d608d&access_token=slxaAIaxHkGLVNaGmPmdW1h9w6QCnMMMju9b9QGf&file=pdf/HTML Level 3 (Qs).pdf,684c300313b1b63cf407ad47,pdf
Sigma 8.0,sigma-8,Assignment Solutions,https://api.asia-se1.learnworlds.com/unlock/file?lw_client=62a6cd5e1e9e2fbf212d608d&access_token=slxaAIaxHkGLVNaGmPmdW1h9w6QCnMMMju9b9QGf&file=pdf/HTML Level 2 (Ans).pdf,6848419f13c68876f906b518,pdf
Sigma 8.0,sigma-8,Assignment Questions,https://api.asia-se1.learnworlds.com/unlock/file?lw_client=62a6cd5e1e9e2fbf212d608d&access_token=slxaAIaxHkGLVNaGmPmdW1h9w6QCnMMMju9b9QGf&file=pdf/HTML Level 2 (Qs).pdf,6848419f13c68876f906b517,pdf
Sigma 8.0,sigma-8,Assignment Solutions,https://api.asia-se1.learnworlds.com/unlock/file?lw_client=62a6cd5e1e9e2fbf212d608d&access_token=slxaAIaxHkGLVNaGmPmdW1h9w6QCnMMMju9b9QGf&file=pdf/HTML Level1 (Ans).pdf,6848419f13c68876f906b509,pdf
Sigma 8.0,sigma-8,Assignment Questions,https://api.asia-se1.learnworlds.com/unlock/file?lw_client=62a6cd5e1e9e2fbf212d608d&access_token=slxaAIaxHkGLVNaGmPmdW1h9w6QCnMMMju9b9QGf&file=pdf/HTML (Level 1) Qs.pdf,6848419f13c68876f906b508,pdf
Sigma 8.0,sigma-8,Telegram Channel Link,https://api.asia-se1.learnworlds.com/unlock/file?lw_client=62a6cd5e1e9e2fbf212d608d&access_token=slxaAIaxHkGLVNaGmPmdW1h9w6QCnMMMju9b9QGf&file=pdf/Telegram Link Sigma8.pdf,684704fbf356c7d0f90b5005,pdf
Sigma 8.0,sigma-8,Fill Your Details,https://api.asia-se1.learnworlds.com/unlock/file?lw_client=62a6cd5e1e9e2fbf212d608d&access_token=slxaAIaxHkGLVNaGmPmdW1h9w6QCnMMMju9b9QGf&file=pdf/Welcome PDF Sigma8.pdf,68319b01405b77fb54006b76,pdf
Sigma 8.0,sigma-8,Curriculum,https://api.asia-se1.learnworlds.com/unlock/file?lw_client=62a6cd5e1e9e2fbf212d608d&access_token=slxaAIaxHkGLVNaGmPmdW1h9w6QCnMMMju9b9QGf&file=pdf/Sigma8 Curriculum.pdf,68319b01405b77fb54006b75,pdf
Sigma 8.0 (DSA with Java),sigma-8-cpp-dsa,Solutions for Practice Qs,https://api.asia-se1.learnworlds.com/unlock/file?lw_client=62a6cd5e1e9e2fbf212d608d&access_token=slxaAIaxHkGLVNaGmPmdW1h9w6QCnMMMju9b9QGf&file=pdf/DP Solutions.pdf,696657c11ec173e1b105145b,pdf
Sigma 8.0 (DSA with Java),sigma-8-cpp-dsa,Practice Qs,https://api.asia-se1.learnworlds.com/unlock/file?lw_client=62a6cd5e1e9e2fbf212d608d&access_token=slxaAIaxHkGLVNaGmPmdW1h9w6QCnMMMju9b9QGf&file=pdf/DP Questions.pdf,696657c11ec173e1b105145a,pdf
Sigma 8.0 (DSA with Java),sigma-8-cpp-dsa,Solutions for Practice Qs (Set2),https://api.asia-se1.learnworlds.com/unlock/file?lw_client=62a6cd5e1e9e2fbf212d608d&access_token=slxaAIaxHkGLVNaGmPmdW1h9w6QCnMMMju9b9QGf&file=pdf/Graph-02 Solutions.pdf,69513a3b661516395c00986c,pdf
Sigma 8.0 (DSA with Java),sigma-8-cpp-dsa,Practice Qs (Set2),https://api.asia-se1.learnworlds.com/unlock/file?lw_client=62a6cd5e1e9e2fbf212d608d&access_token=slxaAIaxHkGLVNaGmPmdW1h9w6QCnMMMju9b9QGf&file=pdf/Graoh-02 Questions.pdf,69513a3b661516395c00986b,pdf
Sigma 8.0 (DSA with Java),sigma-8-cpp-dsa,Floyd Warshall Algorithm (Reading Material),https://api.asia-se1.learnworlds.com/unlock/file?lw_client=62a6cd5e1e9e2fbf212d608d&access_token=slxaAIaxHkGLVNaGmPmdW1h9w6QCnMMMju9b9QGf&file=pdf/Floyd Warshall Algorithm.pdf,69513a3b661516395c00986a,pdf
Sigma 8.0 (DSA with Java),sigma-8-cpp-dsa,Tarjan's Algorithm (Reading Material),https://api.asia-se1.learnworlds.com/unlock/file?lw_client=62a6cd5e1e9e2fbf212d608d&access_token=slxaAIaxHkGLVNaGmPmdW1h9w6QCnMMMju9b9QGf&file=pdf/Articulation Point.pdf,69513a3b661516395c009869,pdf
Sigma 8.0 (DSA with Java),sigma-8-cpp-dsa,Solutions for Practice Qs (Set1),https://api.asia-se1.learnworlds.com/unlock/file?lw_client=62a6cd5e1e9e2fbf212d608d&access_token=slxaAIaxHkGLVNaGmPmdW1h9w6QCnMMMju9b9QGf&file=pdf/Graph-1 Solutions.pdf,69513a3b661516395c00985c,pdf
Sigma 8.0 (DSA with Java),sigma-8-cpp-dsa,Practice Qs (Set1),https://api.asia-se1.learnworlds.com/unlock/file?lw_client=62a6cd5e1e9e2fbf212d608d&access_token=slxaAIaxHkGLVNaGmPmdW1h9w6QCnMMMju9b9QGf&file=pdf/Graph-1 Questions.pdf,69513a3b661516395c00985b,pdf
Sigma 8.0 (DSA with Java),sigma-8-cpp-dsa,Solutions for Practice Qs,https://api.asia-se1.learnworlds.com/unlock/file?lw_client=62a6cd5e1e9e2fbf212d608d&access_token=slxaAIaxHkGLVNaGmPmdW1h9w6QCnMMMju9b9QGf&file=pdf/Tries Solutions.pdf,69513a3b661516395c009846,pdf
Sigma 8.0 (DSA with Java),sigma-8-cpp-dsa,Practice Questions,https://api.asia-se1.learnworlds.com/unlock/file?lw_client=62a6cd5e1e9e2fbf212d608d&access_token=slxaAIaxHkGLVNaGmPmdW1h9w6QCnMMMju9b9QGf&file=pdf/Tries Questions.pdf,69513a3b661516395c009845,pdf
Sigma 8.0 (DSA with Java),sigma-8-cpp-dsa,Solutions for Practice Qs,https://api.asia-se1.learnworlds.com/unlock/file?lw_client=62a6cd5e1e9e2fbf212d608d&access_token=slxaAIaxHkGLVNaGmPmdW1h9w6QCnMMMju9b9QGf&file=pdf/Hashing Solutions.pdf,69513a3b661516395c00983a,pdf
Sigma 8.0 (DSA with Java),sigma-8-cpp-dsa,Practice Questions,https://api.asia-se1.learnworlds.com/unlock/file?lw_client=62a6cd5e1e9e2fbf212d608d&access_token=slxaAIaxHkGLVNaGmPmdW1h9w6QCnMMMju9b9QGf&file=pdf/Hashing Questions.pdf,69513a3b661516395c009839,pdf
Sigma 8.0 (DSA with Java),sigma-8-cpp-dsa,Comparison Table,https://api.asia-se1.learnworlds.com/unlock/file?lw_client=62a6cd5e1e9e2fbf212d608d&access_token=slxaAIaxHkGLVNaGmPmdW1h9w6QCnMMMju9b9QGf&file=pdf/Table.pdf,69513a3b661516395c00982d,pdf
Sigma 8.0 (DSA with Java),sigma-8-cpp-dsa,Update in Code,https://api.asia-se1.learnworlds.com/unlock/file?lw_client=62a6cd5e1e9e2fbf212d608d&access_token=slxaAIaxHkGLVNaGmPmdW1h9w6QCnMMMju9b9QGf&file=pdf/Note.pdf,69513a3b661516395c009828,pdf
Sigma 8.0 (DSA with Java),sigma-8-cpp-dsa,Solutions for Practice Qs,https://api.asia-se1.learnworlds.com/unlock/file?lw_client=62a6cd5e1e9e2fbf212d608d&access_token=slxaAIaxHkGLVNaGmPmdW1h9w6QCnMMMju9b9QGf&file=pdf/Heap Solutions.pdf,69513a3a661516395c009822,pdf
Sigma 8.0 (DSA with Java),sigma-8-cpp-dsa,Practice Questions,https://api.asia-se1.learnworlds.com/unlock/file?lw_client=62a6cd5e1e9e2fbf212d608d&access_token=slxaAIaxHkGLVNaGmPmdW1h9w6QCnMMMju9b9QGf&file=pdf/Heap Questions.pdf,69513a3a661516395c009821,pdf
Sigma 8.0 (DSA with Java),sigma-8-cpp-dsa,Solutions for Practice Qs,https://api.asia-se1.learnworlds.com/unlock/file?lw_client=62a6cd5e1e9e2fbf212d608d&access_token=slxaAIaxHkGLVNaGmPmdW1h9w6QCnMMMju9b9QGf&file=pdf/BST Solutions.pdf,693980bfb9fdd2b6ac054bf9,pdf
Sigma 8.0 (DSA with Java),sigma-8-cpp-dsa,Practice Questions,https://api.asia-se1.learnworlds.com/unlock/file?lw_client=62a6cd5e1e9e2fbf212d608d&access_token=slxaAIaxHkGLVNaGmPmdW1h9w6QCnMMMju9b9QGf&file=pdf/BST Questions (2).pdf,693980bfb9fdd2b6ac054bf8,pdf
Sigma 8.0 (DSA with Java),sigma-8-cpp-dsa,Red Black Trees (Reading Material),https://api.asia-se1.learnworlds.com/unlock/file?lw_client=62a6cd5e1e9e2fbf212d608d&access_token=slxaAIaxHkGLVNaGmPmdW1h9w6QCnMMMju9b9QGf&file=pdf/Red Black Trees in Java.pdf,693980bfb9fdd2b6ac054bf7,pdf
Sigma 8.0 (DSA with Java),sigma-8-cpp-dsa,AVL Trees (Reading Material),https://api.asia-se1.learnworlds.com/unlock/file?lw_client=62a6cd5e1e9e2fbf212d608d&access_token=slxaAIaxHkGLVNaGmPmdW1h9w6QCnMMMju9b9QGf&file=pdf/AVL Trees in Java.pdf,693980bfb9fdd2b6ac054bf6,pdf
Sigma 8.0 (DSA with Java),sigma-8-cpp-dsa,Solutions for Practice Qs,https://api.asia-se1.learnworlds.com/unlock/file?lw_client=62a6cd5e1e9e2fbf212d608d&access_token=slxaAIaxHkGLVNaGmPmdW1h9w6QCnMMMju9b9QGf&file=pdf/Binary Tree Solutions.pdf,693980bfb9fdd2b6ac054bdd,pdf
Sigma 8.0 (DSA with Java),sigma-8-cpp-dsa,Practice Questions,https://api.asia-se1.learnworlds.com/unlock/file?lw_client=62a6cd5e1e9e2fbf212d608d&access_token=slxaAIaxHkGLVNaGmPmdW1h9w6QCnMMMju9b9QGf&file=pdf/Binary Tree Questions.pdf,693980bfb9fdd2b6ac054bdc,pdf
Sigma 8.0 (DSA with Java),sigma-8-cpp-dsa,Solutions for Practice Qs,https://api.asia-se1.learnworlds.com/unlock/file?lw_client=62a6cd5e1e9e2fbf212d608d&access_token=slxaAIaxHkGLVNaGmPmdW1h9w6QCnMMMju9b9QGf&file=pdf/Greedy Solutions.pdf,693980beb9fdd2b6ac054bc2,pdf
Sigma 8.0 (DSA with Java),sigma-8-cpp-dsa,Practice Questions,https://api.asia-se1.learnworlds.com/unlock/file?lw_client=62a6cd5e1e9e2fbf212d608d&access_token=slxaAIaxHkGLVNaGmPmdW1h9w6QCnMMMju9b9QGf&file=pdf/Greedy Questions.pdf,693980beb9fdd2b6ac054bc1,pdf
Sigma 8.0 (DSA with Java),sigma-8-cpp-dsa,Comparators in Java (Reading Material),https://api.asia-se1.learnworlds.com/unlock/file?lw_client=62a6cd5e1e9e2fbf212d608d&access_token=slxaAIaxHkGLVNaGmPmdW1h9w6QCnMMMju9b9QGf&file=pdf/Comparators in Java.pdf,693980beb9fdd2b6ac054bc0,pdf
Sigma 8.0 (DSA with Java),sigma-8-cpp-dsa,Solutions for Practice Qs,https://api.asia-se1.learnworlds.com/unlock/file?lw_client=62a6cd5e1e9e2fbf212d608d&access_token=slxaAIaxHkGLVNaGmPmdW1h9w6QCnMMMju9b9QGf&file=pdf/Queue Solutions.pdf,693980beb9fdd2b6ac054bb3,pdf
Sigma 8.0 (DSA with Java),sigma-8-cpp-dsa,Practice Questions,https://api.asia-se1.learnworlds.com/unlock/file?lw_client=62a6cd5e1e9e2fbf212d608d&access_token=slxaAIaxHkGLVNaGmPmdW1h9w6QCnMMMju9b9QGf&file=pdf/Queue Questions.pdf,693980beb9fdd2b6ac054bb2,pdf
Sigma 8.0 (DSA with Java),sigma-8-cpp-dsa,Solutions for Practice Qs,https://api.asia-se1.learnworlds.com/unlock/file?lw_client=62a6cd5e1e9e2fbf212d608d&access_token=slxaAIaxHkGLVNaGmPmdW1h9w6QCnMMMju9b9QGf&file=pdf/Stack Solutions.pdf,692468c41a0db84c6502845c,pdf
Sigma 8.0 (DSA with Java),sigma-8-cpp-dsa,Practice Questions,https://api.asia-se1.learnworlds.com/unlock/file?lw_client=62a6cd5e1e9e2fbf212d608d&access_token=slxaAIaxHkGLVNaGmPmdW1h9w6QCnMMMju9b9QGf&file=pdf/Stack Questions.pdf,692468c41a0db84c6502845b,pdf
Sigma 8.0 (DSA with Java),sigma-8-cpp-dsa,Solutions for Practice Qs,https://api.asia-se1.learnworlds.com/unlock/file?lw_client=62a6cd5e1e9e2fbf212d608d&access_token=slxaAIaxHkGLVNaGmPmdW1h9w6QCnMMMju9b9QGf&file=pdf/Linked List Solutions.pdf,692468c41a0db84c6502844a,pdf
Sigma 8.0 (DSA with Java),sigma-8-cpp-dsa,Practice Questions,https://api.asia-se1.learnworlds.com/unlock/file?lw_client=62a6cd5e1e9e2fbf212d608d&access_token=slxaAIaxHkGLVNaGmPmdW1h9w6QCnMMMju9b9QGf&file=pdf/Linked List Questions.pdf,692468c41a0db84c65028449,pdf
Sigma 8.0 (DSA with Java),sigma-8-cpp-dsa,Circular Linked List (Reading Material),https://api.asia-se1.learnworlds.com/unlock/file?lw_client=62a6cd5e1e9e2fbf212d608d&access_token=slxaAIaxHkGLVNaGmPmdW1h9w6QCnMMMju9b9QGf&file=pdf/Circular LInked List.pdf,692468c41a0db84c65028448,pdf
Sigma 8.0 (DSA with Java),sigma-8-cpp-dsa,Solutions for Practice Qs,https://api.asia-se1.learnworlds.com/unlock/file?lw_client=62a6cd5e1e9e2fbf212d608d&access_token=slxaAIaxHkGLVNaGmPmdW1h9w6QCnMMMju9b9QGf&file=pdf/ArrayList Solutions (1).pdf,692468c31a0db84c6502842a,pdf
Sigma 8.0 (DSA with Java),sigma-8-cpp-dsa,Practice Questions,https://api.asia-se1.learnworlds.com/unlock/file?lw_client=62a6cd5e1e9e2fbf212d608d&access_token=slxaAIaxHkGLVNaGmPmdW1h9w6QCnMMMju9b9QGf&file=pdf/ArrayList Questions (1).pdf,692468c31a0db84c65028429,pdf
Sigma 8.0 (DSA with Java),sigma-8-cpp-dsa,Solutions for Practice Qs,https://api.asia-se1.learnworlds.com/unlock/file?lw_client=62a6cd5e1e9e2fbf212d608d&access_token=slxaAIaxHkGLVNaGmPmdW1h9w6QCnMMMju9b9QGf&file=pdf/BACKTRACKING Solutions (2).pdf,692468c31a0db84c65028418,pdf
Sigma 8.0 (DSA with Java),sigma-8-cpp-dsa,Practice Questions,https://api.asia-se1.learnworlds.com/unlock/file?lw_client=62a6cd5e1e9e2fbf212d608d&access_token=slxaAIaxHkGLVNaGmPmdW1h9w6QCnMMMju9b9QGf&file=pdf/BACKTRACKING Questions.pdf,692468c31a0db84c65028417,pdf
Sigma 8.0 (DSA with Java),sigma-8-cpp-dsa,Solutions for Practice Qs,https://api.asia-se1.learnworlds.com/unlock/file?lw_client=62a6cd5e1e9e2fbf212d608d&access_token=slxaAIaxHkGLVNaGmPmdW1h9w6QCnMMMju9b9QGf&file=pdf/TIME COMPLEXITY Solutions.pdf,692468c31a0db84c65028406,pdf
Sigma 8.0 (DSA with Java),sigma-8-cpp-dsa,Practice Questions,https://api.asia-se1.learnworlds.com/unlock/file?lw_client=62a6cd5e1e9e2fbf212d608d&access_token=slxaAIaxHkGLVNaGmPmdW1h9w6QCnMMMju9b9QGf&file=pdf/TIME COMPLEXITY Questions.pdf,692468c31a0db84c65028405,pdf
Sigma 8.0 (DSA with Java),sigma-8-cpp-dsa,Master's Theorem (Reading Material),https://api.asia-se1.learnworlds.com/unlock/file?lw_client=62a6cd5e1e9e2fbf212d608d&access_token=slxaAIaxHkGLVNaGmPmdW1h9w6QCnMMMju9b9QGf&file=pdf/3-Masters Theorem.pdf,692468c31a0db84c65028404,pdf
Sigma 8.0 (DSA with Java),sigma-8-cpp-dsa,Solutions to Practice Qs,https://api.asia-se1.learnworlds.com/unlock/file?lw_client=62a6cd5e1e9e2fbf212d608d&access_token=slxaAIaxHkGLVNaGmPmdW1h9w6QCnMMMju9b9QGf&file=pdf/Divide & Conquer Solutions.pdf,692468c31a0db84c650283ed,pdf
Sigma 8.0 (DSA with Java),sigma-8-cpp-dsa,Practice Questions,https://api.asia-se1.learnworlds.com/unlock/file?lw_client=62a6cd5e1e9e2fbf212d608d&access_token=slxaAIaxHkGLVNaGmPmdW1h9w6QCnMMMju9b9QGf&file=pdf/Divide & Conquer Questions (1).pdf,692468c31a0db84c650283ec,pdf
Sigma 8.0 (DSA with Java),sigma-8-cpp-dsa,Solutions for Practice Qs,https://api.asia-se1.learnworlds.com/unlock/file?lw_client=62a6cd5e1e9e2fbf212d608d&access_token=slxaAIaxHkGLVNaGmPmdW1h9w6QCnMMMju9b9QGf&file=pdf/Recursion (Basics) Solutions.pdf,690cae91fcd3beddee0844d4,pdf
Sigma 8.0 (DSA with Java),sigma-8-cpp-dsa,Practice Questions,https://api.asia-se1.learnworlds.com/unlock/file?lw_client=62a6cd5e1e9e2fbf212d608d&access_token=slxaAIaxHkGLVNaGmPmdW1h9w6QCnMMMju9b9QGf&file=pdf/Recursion (Basics) Questions.pdf,690cae91fcd3beddee0844d3,pdf
Sigma 8.0 (DSA with Java),sigma-8-cpp-dsa,Solutions for Practice Qs,https://api.asia-se1.learnworlds.com/unlock/file?lw_client=62a6cd5e1e9e2fbf212d608d&access_token=slxaAIaxHkGLVNaGmPmdW1h9w6QCnMMMju9b9QGf&file=pdf/OOPS Solutions.pdf,690cae91fcd3beddee0844bf,pdf
Sigma 8.0 (DSA with Java),sigma-8-cpp-dsa,Practice Questions,https://api.asia-se1.learnworlds.com/unlock/file?lw_client=62a6cd5e1e9e2fbf212d608d&access_token=slxaAIaxHkGLVNaGmPmdW1h9w6QCnMMMju9b9QGf&file=pdf/OOPS Questions.pdf,690cae91fcd3beddee0844be,pdf
Sigma 8.0 (DSA with Java),sigma-8-cpp-dsa,Solutions for Practice Qs,https://api.asia-se1.learnworlds.com/unlock/file?lw_client=62a6cd5e1e9e2fbf212d608d&access_token=slxaAIaxHkGLVNaGmPmdW1h9w6QCnMMMju9b9QGf&file=pdf/Bit Manipulation Solutions.pdf,690cae90fcd3beddee0844a5,pdf
Sigma 8.0 (DSA with Java),sigma-8-cpp-dsa,Practice Questions,https://api.asia-se1.learnworlds.com/unlock/file?lw_client=62a6cd5e1e9e2fbf212d608d&access_token=slxaAIaxHkGLVNaGmPmdW1h9w6QCnMMMju9b9QGf&file=pdf/Bit Manipulation Questions.pdf,690cae90fcd3beddee0844a4,pdf
Sigma 8.0 (DSA with Java),sigma-8-cpp-dsa,Solutions for Practice Qs,https://api.asia-se1.learnworlds.com/unlock/file?lw_client=62a6cd5e1e9e2fbf212d608d&access_token=slxaAIaxHkGLVNaGmPmdW1h9w6QCnMMMju9b9QGf&file=pdf/Strings Solutions.pdf,690cae90fcd3beddee08448f,pdf
Sigma 8.0 (DSA with Java),sigma-8-cpp-dsa,Practice Questions,https://api.asia-se1.learnworlds.com/unlock/file?lw_client=62a6cd5e1e9e2fbf212d608d&access_token=slxaAIaxHkGLVNaGmPmdW1h9w6QCnMMMju9b9QGf&file=pdf/Strings Questions.pdf,690cae90fcd3beddee08448e,pdf
Sigma 8.0 (DSA with Java),sigma-8-cpp-dsa,Solutions for Practice Qs,https://api.asia-se1.learnworlds.com/unlock/file?lw_client=62a6cd5e1e9e2fbf212d608d&access_token=slxaAIaxHkGLVNaGmPmdW1h9w6QCnMMMju9b9QGf&file=pdf/2D Arrays Solutions.pdf,690cae90fcd3beddee08447f,pdf
Sigma 8.0 (DSA with Java),sigma-8-cpp-dsa,Practice Questions,https://api.asia-se1.learnworlds.com/unlock/file?lw_client=62a6cd5e1e9e2fbf212d608d&access_token=slxaAIaxHkGLVNaGmPmdW1h9w6QCnMMMju9b9QGf&file=pdf/2D Arrays Questions.pdf,690cae90fcd3beddee08447e,pdf
Sigma 8.0 (DSA with Java),sigma-8-cpp-dsa,Solutions for Practice Qs,https://api.asia-se1.learnworlds.com/unlock/file?lw_client=62a6cd5e1e9e2fbf212d608d&access_token=slxaAIaxHkGLVNaGmPmdW1h9w6QCnMMMju9b9QGf&file=pdf/Basic Sorting Solutions.pdf,690cae90fcd3beddee084473,pdf
Sigma 8.0 (DSA with Java),sigma-8-cpp-dsa,Practice Questions,https://api.asia-se1.learnworlds.com/unlock/file?lw_client=62a6cd5e1e9e2fbf212d608d&access_token=slxaAIaxHkGLVNaGmPmdW1h9w6QCnMMMju9b9QGf&file=pdf/Basic Sorting Questions (1).pdf,690cae90fcd3beddee084472,pdf
Sigma 8.0 (DSA with Java),sigma-8-cpp-dsa,Assignment Codes (Arrays),https://api.asia-se1.learnworlds.com/unlock/file?lw_client=62a6cd5e1e9e2fbf212d608d&access_token=slxaAIaxHkGLVNaGmPmdW1h9w6QCnMMMju9b9QGf&file=pdf/Arrays - Solution (1).pdf,690cae90fcd3beddee084467,pdf
Sigma 8.0 (DSA with Java),sigma-8-cpp-dsa,Assignment Questions (Arrays),https://api.asia-se1.learnworlds.com/unlock/file?lw_client=62a6cd5e1e9e2fbf212d608d&access_token=slxaAIaxHkGLVNaGmPmdW1h9w6QCnMMMju9b9QGf&file=pdf/Arrays - Assignment_Type.pdf,690cae90fcd3beddee084466,pdf
Sigma 8.0 (DSA with Java),sigma-8-cpp-dsa,Space & Time Complexity (Reading Material),https://api.asia-se1.learnworlds.com/unlock/file?lw_client=62a6cd5e1e9e2fbf212d608d&access_token=slxaAIaxHkGLVNaGmPmdW1h9w6QCnMMMju9b9QGf&file=pdf/Space & Time Complexity (1) (1).pdf,690cae8ffcd3beddee084458,pdf
Sigma 8.0 (DSA with Java),sigma-8-cpp-dsa,Solutions for Practice Qs,https://api.asia-se1.learnworlds.com/unlock/file?lw_client=62a6cd5e1e9e2fbf212d608d&access_token=slxaAIaxHkGLVNaGmPmdW1h9w6QCnMMMju9b9QGf&file=pdf/Functions Solutions.pdf,68fa3aa1e0d9105c1c0e3947,pdf
Sigma 8.0 (DSA with Java),sigma-8-cpp-dsa,Practice Questions,https://api.asia-se1.learnworlds.com/unlock/file?lw_client=62a6cd5e1e9e2fbf212d608d&access_token=slxaAIaxHkGLVNaGmPmdW1h9w6QCnMMMju9b9QGf&file=pdf/Functions Questions.pdf,68fa3aa1e0d9105c1c0e3946,pdf
Sigma 8.0 (DSA with Java),sigma-8-cpp-dsa,Looking Forward - Advanced Patterns,https://api.asia-se1.learnworlds.com/unlock/file?lw_client=62a6cd5e1e9e2fbf212d608d&access_token=slxaAIaxHkGLVNaGmPmdW1h9w6QCnMMMju9b9QGf&file=pdf/2-Advanced Patterns Note.pdf,68fa3aa1e0d9105c1c0e392f,pdf
Sigma 8.0 (DSA with Java),sigma-8-cpp-dsa,Solutions for Practice Qs,https://api.asia-se1.learnworlds.com/unlock/file?lw_client=62a6cd5e1e9e2fbf212d608d&access_token=slxaAIaxHkGLVNaGmPmdW1h9w6QCnMMMju9b9QGf&file=pdf/Loops Solutions.pdf,68fa3aa1e0d9105c1c0e3929,pdf
Sigma 8.0 (DSA with Java),sigma-8-cpp-dsa,Practice Questions,https://api.asia-se1.learnworlds.com/unlock/file?lw_client=62a6cd5e1e9e2fbf212d608d&access_token=slxaAIaxHkGLVNaGmPmdW1h9w6QCnMMMju9b9QGf&file=pdf/Loops Questions.pdf,68fa3aa1e0d9105c1c0e3928,pdf
Sigma 8.0 (DSA with Java),sigma-8-cpp-dsa,Solutions for Practice Qs,https://api.asia-se1.learnworlds.com/unlock/file?lw_client=62a6cd5e1e9e2fbf212d608d&access_token=slxaAIaxHkGLVNaGmPmdW1h9w6QCnMMMju9b9QGf&file=pdf/Conditional Solutions.pdf,68fa3aa1e0d9105c1c0e3918,pdf
Sigma 8.0 (DSA with Java),sigma-8-cpp-dsa,Practice Questions,https://api.asia-se1.learnworlds.com/unlock/file?lw_client=62a6cd5e1e9e2fbf212d608d&access_token=slxaAIaxHkGLVNaGmPmdW1h9w6QCnMMMju9b9QGf&file=pdf/Conditional Questions.pdf,68fa3aa1e0d9105c1c0e3917,pdf
Sigma 8.0 (DSA with Java),sigma-8-cpp-dsa,Solutions for Practice Qs,https://api.asia-se1.learnworlds.com/unlock/file?lw_client=62a6cd5e1e9e2fbf212d608d&access_token=slxaAIaxHkGLVNaGmPmdW1h9w6QCnMMMju9b9QGf&file=pdf/Operators Solutions.pdf,68fa3aa1e0d9105c1c0e390c,pdf
Sigma 8.0 (DSA with Java),sigma-8-cpp-dsa,Practice Questions,https://api.asia-se1.learnworlds.com/unlock/file?lw_client=62a6cd5e1e9e2fbf212d608d&access_token=slxaAIaxHkGLVNaGmPmdW1h9w6QCnMMMju9b9QGf&file=pdf/Operators Questions.pdf,68fa3aa1e0d9105c1c0e390b,pdf
Sigma 8.0 (DSA with Java),sigma-8-cpp-dsa,Reading Material - Operator Precedence,https://api.asia-se1.learnworlds.com/unlock/file?lw_client=62a6cd5e1e9e2fbf212d608d&access_token=slxaAIaxHkGLVNaGmPmdW1h9w6QCnMMMju9b9QGf&file=pdf/Operator Precedence_V1.1.pdf,68fa3aa1e0d9105c1c0e390a,pdf
Sigma 8.0 (DSA with Java),sigma-8-cpp-dsa,Solutions for Practice Qs,https://api.asia-se1.learnworlds.com/unlock/file?lw_client=62a6cd5e1e9e2fbf212d608d&access_token=slxaAIaxHkGLVNaGmPmdW1h9w6QCnMMMju9b9QGf&file=pdf/Variables Solutions.pdf,68fa3aa1e0d9105c1c0e3903,pdf
Sigma 8.0 (DSA with Java),sigma-8-cpp-dsa,Practice Questions,https://api.asia-se1.learnworlds.com/unlock/file?lw_client=62a6cd5e1e9e2fbf212d608d&access_token=slxaAIaxHkGLVNaGmPmdW1h9w6QCnMMMju9b9QGf&file=pdf/Variables Questions (1).pdf,68fa3aa1e0d9105c1c0e3902,pdf
Sigma 8.0 (DSA with Java),sigma-8-cpp-dsa,Solutions for Practice Qs,https://api.asia-se1.learnworlds.com/unlock/file?lw_client=62a6cd5e1e9e2fbf212d608d&access_token=slxaAIaxHkGLVNaGmPmdW1h9w6QCnMMMju9b9QGf&file=pdf/Solution File (3).pdf,68fa3aa1e0d9105c1c0e38f1,pdf
Sigma 8.0 (DSA with Java),sigma-8-cpp-dsa,Practice Questions,https://api.asia-se1.learnworlds.com/unlock/file?lw_client=62a6cd5e1e9e2fbf212d608d&access_token=slxaAIaxHkGLVNaGmPmdW1h9w6QCnMMMju9b9QGf&file=pdf/Question File (3).pdf,68fa3aa1e0d9105c1c0e38f0,pdf
Sigma 8.0 (DSA with Java),sigma-8-cpp-dsa,Installation Resources,https://api.asia-se1.learnworlds.com/unlock/file?lw_client=62a6cd5e1e9e2fbf212d608d&access_token=slxaAIaxHkGLVNaGmPmdW1h9w6QCnMMMju9b9QGf&file=pdf/Installation Resources.pdf,68fa3aa1e0d9105c1c0e38e8,pdf
Sigma 8.0 (Live Session Recordings),sigma-8-java-dsa,Operating System,https://api.asia-se1.learnworlds.com/unlock/file?lw_client=62a6cd5e1e9e2fbf212d608d&access_token=slxaAIaxHkGLVNaGmPmdW1h9w6QCnMMMju9b9QGf&file=pdf/Operating System Notes.pdf,6908e3b48fcbb0d4620de208,pdf
Sigma 8.0 (Live Session Recordings),sigma-8-java-dsa,Computer Networking,https://api.asia-se1.learnworlds.com/unlock/file?lw_client=62a6cd5e1e9e2fbf212d608d&access_token=slxaAIaxHkGLVNaGmPmdW1h9w6QCnMMMju9b9QGf&file=pdf/Computer Networks Notes.pdf,6908e3ae6f50b561b00695e5,pdf
Sigma 8.0 (Live Session Recordings),sigma-8-java-dsa,Database Management System,https://api.asia-se1.learnworlds.com/unlock/file?lw_client=62a6cd5e1e9e2fbf212d608d&access_token=slxaAIaxHkGLVNaGmPmdW1h9w6QCnMMMju9b9QGf&file=pdf/DBMS Notes.pdf,6908e3a4afc6b1c28b0443d5,pdf
Sigma 8.0 (Live Session Recordings),sigma-8-java-dsa,Object Oriented Programming,https://api.asia-se1.learnworlds.com/unlock/file?lw_client=62a6cd5e1e9e2fbf212d608d&access_token=slxaAIaxHkGLVNaGmPmdW1h9w6QCnMMMju9b9QGf&file=pdf/OOPS Notes.pdf,6908e39bb62b2a0d3c025675,pdf
Sigma 8.0 (DSA with C++),sigma-8-live-recordings,Assignment Questions,https://api.asia-se1.learnworlds.com/unlock/file?lw_client=62a6cd5e1e9e2fbf212d608d&access_token=slxaAIaxHkGLVNaGmPmdW1h9w6QCnMMMju9b9QGf&file=pdf/1-DP Questions.pdf,6970e1bdaef93c2b0805b164,pdf
Sigma 8.0 (DSA with C++),sigma-8-live-recordings,Catalan's Variations & Applications,https://api.asia-se1.learnworlds.com/unlock/file?lw_client=62a6cd5e1e9e2fbf212d608d&access_token=slxaAIaxHkGLVNaGmPmdW1h9w6QCnMMMju9b9QGf&file=pdf/catalan.pdf,6970e1bdaef93c2b0805b15a,pdf
Sigma 8.0 (DSA with C++),sigma-8-live-recordings,Assignment Questions,https://api.asia-se1.learnworlds.com/unlock/file?lw_client=62a6cd5e1e9e2fbf212d608d&access_token=slxaAIaxHkGLVNaGmPmdW1h9w6QCnMMMju9b9QGf&file=pdf/Graphs Questions.pdf,69513f80ef1649540c0572c4,pdf
Sigma 8.0 (DSA with C++),sigma-8-live-recordings,Assignment Questions,https://api.asia-se1.learnworlds.com/unlock/file?lw_client=62a6cd5e1e9e2fbf212d608d&access_token=slxaAIaxHkGLVNaGmPmdW1h9w6QCnMMMju9b9QGf&file=pdf/1-Tries Questions.pdf,69513f80ef1649540c057292,pdf
Sigma 8.0 (DSA with C++),sigma-8-live-recordings,Assignment Questions,https://api.asia-se1.learnworlds.com/unlock/file?lw_client=62a6cd5e1e9e2fbf212d608d&access_token=slxaAIaxHkGLVNaGmPmdW1h9w6QCnMMMju9b9QGf&file=pdf/Hashing Questions final.pdf,69513f80ef1649540c057283,pdf
Sigma 8.0 (DSA with C++),sigma-8-live-recordings,Assignment Questions,https://api.asia-se1.learnworlds.com/unlock/file?lw_client=62a6cd5e1e9e2fbf212d608d&access_token=slxaAIaxHkGLVNaGmPmdW1h9w6QCnMMMju9b9QGf&file=pdf/Heaps Questions.pdf,69513f7fef1649540c057269,pdf
Sigma 8.0 (DSA with C++),sigma-8-live-recordings,Self Practice Activity,https://api.asia-se1.learnworlds.com/unlock/file?lw_client=62a6cd5e1e9e2fbf212d608d&access_token=slxaAIaxHkGLVNaGmPmdW1h9w6QCnMMMju9b9QGf&file=pdf/Self Practice.pdf,694167c6397f6afadb023e9a,pdf
Sigma 8.0 (DSA with C++),sigma-8-live-recordings,Assignment Solutions,https://api.asia-se1.learnworlds.com/unlock/file?lw_client=62a6cd5e1e9e2fbf212d608d&access_token=slxaAIaxHkGLVNaGmPmdW1h9w6QCnMMMju9b9QGf&file=pdf/BST Ans Cpp.pdf,694167c6397f6afadb023e99,pdf
Sigma 8.0 (DSA with C++),sigma-8-live-recordings,Assignment Questions,https://api.asia-se1.learnworlds.com/unlock/file?lw_client=62a6cd5e1e9e2fbf212d608d&access_token=slxaAIaxHkGLVNaGmPmdW1h9w6QCnMMMju9b9QGf&file=pdf/BST Questions Cpp.pdf,694167c6397f6afadb023e98,pdf
Sigma 8.0 (DSA with C++),sigma-8-live-recordings,Assignment Solutions,https://api.asia-se1.learnworlds.com/unlock/file?lw_client=62a6cd5e1e9e2fbf212d608d&access_token=slxaAIaxHkGLVNaGmPmdW1h9w6QCnMMMju9b9QGf&file=pdf/Binary Trees Ans.pdf,694167c6397f6afadb023e85,pdf
Sigma 8.0 (DSA with C++),sigma-8-live-recordings,Assignment Questions,https://api.asia-se1.learnworlds.com/unlock/file?lw_client=62a6cd5e1e9e2fbf212d608d&access_token=slxaAIaxHkGLVNaGmPmdW1h9w6QCnMMMju9b9QGf&file=pdf/Binary Trees Questions updated.pdf,694167c6397f6afadb023e84,pdf
Sigma 8.0 (DSA with C++),sigma-8-live-recordings,Assignment Solutions,https://api.asia-se1.learnworlds.com/unlock/file?lw_client=62a6cd5e1e9e2fbf212d608d&access_token=slxaAIaxHkGLVNaGmPmdW1h9w6QCnMMMju9b9QGf&file=pdf/1-Greedy Solutions.pdf,694167c6397f6afadb023e64,pdf
Sigma 8.0 (DSA with C++),sigma-8-live-recordings,Assignment Questions,https://api.asia-se1.learnworlds.com/unlock/file?lw_client=62a6cd5e1e9e2fbf212d608d&access_token=slxaAIaxHkGLVNaGmPmdW1h9w6QCnMMMju9b9QGf&file=pdf/1-Greedy Questions.pdf,694167c6397f6afadb023e63,pdf
Sigma 8.0 (DSA with C++),sigma-8-live-recordings,Assignment Solutions,https://api.asia-se1.learnworlds.com/unlock/file?lw_client=62a6cd5e1e9e2fbf212d608d&access_token=slxaAIaxHkGLVNaGmPmdW1h9w6QCnMMMju9b9QGf&file=pdf/Queue Ans.pdf,694167c5397f6afadb023e53,pdf
Sigma 8.0 (DSA with C++),sigma-8-live-recordings,Assignment Questions,https://api.asia-se1.learnworlds.com/unlock/file?lw_client=62a6cd5e1e9e2fbf212d608d&access_token=slxaAIaxHkGLVNaGmPmdW1h9w6QCnMMMju9b9QGf&file=pdf/1-Queue Questions.pdf,694167c5397f6afadb023e52,pdf
Sigma 8.0 (DSA with C++),sigma-8-live-recordings,Assignment Solutions,https://api.asia-se1.learnworlds.com/unlock/file?lw_client=62a6cd5e1e9e2fbf212d608d&access_token=slxaAIaxHkGLVNaGmPmdW1h9w6QCnMMMju9b9QGf&file=pdf/Stacks Ans.pdf,692c5321ff9c19d9ac07b9a6,pdf
Sigma 8.0 (DSA with C++),sigma-8-live-recordings,Assignment Questions,https://api.asia-se1.learnworlds.com/unlock/file?lw_client=62a6cd5e1e9e2fbf212d608d&access_token=slxaAIaxHkGLVNaGmPmdW1h9w6QCnMMMju9b9QGf&file=pdf/Stacks Questions.pdf,692c5321ff9c19d9ac07b9a5,pdf
Sigma 8.0 (DSA with C++),sigma-8-live-recordings,Assignment Solutions,https://api.asia-se1.learnworlds.com/unlock/file?lw_client=62a6cd5e1e9e2fbf212d608d&access_token=slxaAIaxHkGLVNaGmPmdW1h9w6QCnMMMju9b9QGf&file=pdf/LinkedList Solutions_Cpp.pdf,692c5320ff9c19d9ac07b98f,pdf
Sigma 8.0 (DSA with C++),sigma-8-live-recordings,Assignment Questions,https://api.asia-se1.learnworlds.com/unlock/file?lw_client=62a6cd5e1e9e2fbf212d608d&access_token=slxaAIaxHkGLVNaGmPmdW1h9w6QCnMMMju9b9QGf&file=pdf/1-Linked List Questions.pdf,692c5320ff9c19d9ac07b98e,pdf
Sigma 8.0 (DSA with C++),sigma-8-live-recordings,Self Practice Qs,https://api.asia-se1.learnworlds.com/unlock/file?lw_client=62a6cd5e1e9e2fbf212d608d&access_token=slxaAIaxHkGLVNaGmPmdW1h9w6QCnMMMju9b9QGf&file=pdf/Self_Practice_Qs.pdf,692c5320ff9c19d9ac07b980,pdf
Sigma 8.0 (DSA with C++),sigma-8-live-recordings,Assignment Solutions,https://api.asia-se1.learnworlds.com/unlock/file?lw_client=62a6cd5e1e9e2fbf212d608d&access_token=slxaAIaxHkGLVNaGmPmdW1h9w6QCnMMMju9b9QGf&file=pdf/Backtracking Solutions_Cpp.pdf,692c5320ff9c19d9ac07b971,pdf
Sigma 8.0 (DSA with C++),sigma-8-live-recordings,Assignment Questions,https://api.asia-se1.learnworlds.com/unlock/file?lw_client=62a6cd5e1e9e2fbf212d608d&access_token=slxaAIaxHkGLVNaGmPmdW1h9w6QCnMMMju9b9QGf&file=pdf/BACKTRACKING_Questions.pdf,692c5320ff9c19d9ac07b970,pdf
Sigma 8.0 (DSA with C++),sigma-8-live-recordings,Assignment Solutions,https://api.asia-se1.learnworlds.com/unlock/file?lw_client=62a6cd5e1e9e2fbf212d608d&access_token=slxaAIaxHkGLVNaGmPmdW1h9w6QCnMMMju9b9QGf&file=pdf/1-TIME COMPLEXITY Solutions.pdf,692c5320ff9c19d9ac07b95c,pdf
Sigma 8.0 (DSA with C++),sigma-8-live-recordings,Assignment Questions,https://api.asia-se1.learnworlds.com/unlock/file?lw_client=62a6cd5e1e9e2fbf212d608d&access_token=slxaAIaxHkGLVNaGmPmdW1h9w6QCnMMMju9b9QGf&file=pdf/1-TIME COMPLEXITY Questions.pdf,692c5320ff9c19d9ac07b95b,pdf
Sigma 8.0 (DSA with C++),sigma-8-live-recordings,Master's Theorem (Reading Material),https://api.asia-se1.learnworlds.com/unlock/file?lw_client=62a6cd5e1e9e2fbf212d608d&access_token=slxaAIaxHkGLVNaGmPmdW1h9w6QCnMMMju9b9QGf&file=pdf/Masters Theorem.pdf,692c5320ff9c19d9ac07b956,pdf
Sigma 8.0 (DSA with C++),sigma-8-live-recordings,Understanding Log (Reading Material),https://api.asia-se1.learnworlds.com/unlock/file?lw_client=62a6cd5e1e9e2fbf212d608d&access_token=slxaAIaxHkGLVNaGmPmdW1h9w6QCnMMMju9b9QGf&file=pdf/Understanding Log.pdf,692c5320ff9c19d9ac07b94f,pdf
Sigma 8.0 (DSA with C++),sigma-8-live-recordings,Assignment Solutions,https://api.asia-se1.learnworlds.com/unlock/file?lw_client=62a6cd5e1e9e2fbf212d608d&access_token=slxaAIaxHkGLVNaGmPmdW1h9w6QCnMMMju9b9QGf&file=pdf/DivideAndConquer Solutions.pdf,692c531fff9c19d9ac07b93f,pdf
Sigma 8.0 (DSA with C++),sigma-8-live-recordings,Assignment Questions,https://api.asia-se1.learnworlds.com/unlock/file?lw_client=62a6cd5e1e9e2fbf212d608d&access_token=slxaAIaxHkGLVNaGmPmdW1h9w6QCnMMMju9b9QGf&file=pdf/DivideAndConquer Questions.pdf,692c531fff9c19d9ac07b93e,pdf
Sigma 8.0 (DSA with C++),sigma-8-live-recordings,Assignment Solutions,https://api.asia-se1.learnworlds.com/unlock/file?lw_client=62a6cd5e1e9e2fbf212d608d&access_token=slxaAIaxHkGLVNaGmPmdW1h9w6QCnMMMju9b9QGf&file=pdf/Recursion Ans.pdf,6921c898e5a1df936204a4ca,pdf
Sigma 8.0 (DSA with C++),sigma-8-live-recordings,Assignment Questions,https://api.asia-se1.learnworlds.com/unlock/file?lw_client=62a6cd5e1e9e2fbf212d608d&access_token=slxaAIaxHkGLVNaGmPmdW1h9w6QCnMMMju9b9QGf&file=pdf/Recursion Qs.pdf,6921c898e5a1df936204a4c9,pdf
Sigma 8.0 (DSA with C++),sigma-8-live-recordings,Extra Practice Qs (Free),https://api.asia-se1.learnworlds.com/unlock/file?lw_client=62a6cd5e1e9e2fbf212d608d&access_token=slxaAIaxHkGLVNaGmPmdW1h9w6QCnMMMju9b9QGf&file=pdf/Object Oriented Programming.pdf,6921c898e5a1df936204a4b1,pdf
Sigma 8.0 (DSA with C++),sigma-8-live-recordings,Assignment Solutions,https://api.asia-se1.learnworlds.com/unlock/file?lw_client=62a6cd5e1e9e2fbf212d608d&access_token=slxaAIaxHkGLVNaGmPmdW1h9w6QCnMMMju9b9QGf&file=pdf/OOPS Ans.pdf,6921c898e5a1df936204a4b0,pdf
Sigma 8.0 (DSA with C++),sigma-8-live-recordings,Assignment Questions,https://api.asia-se1.learnworlds.com/unlock/file?lw_client=62a6cd5e1e9e2fbf212d608d&access_token=slxaAIaxHkGLVNaGmPmdW1h9w6QCnMMMju9b9QGf&file=pdf/1-OOPS Questions.pdf,6921c898e5a1df936204a4af,pdf
Sigma 8.0 (DSA with C++),sigma-8-live-recordings,Assignment Solutions,https://api.asia-se1.learnworlds.com/unlock/file?lw_client=62a6cd5e1e9e2fbf212d608d&access_token=slxaAIaxHkGLVNaGmPmdW1h9w6QCnMMMju9b9QGf&file=pdf/Bit Manipulation Ans.pdf,6919dfff160eed8be30942d0,pdf
Sigma 8.0 (DSA with C++),sigma-8-live-recordings,Assignment Questions,https://api.asia-se1.learnworlds.com/unlock/file?lw_client=62a6cd5e1e9e2fbf212d608d&access_token=slxaAIaxHkGLVNaGmPmdW1h9w6QCnMMMju9b9QGf&file=pdf/1-Bit Manipulation Questions.pdf,6919dfff160eed8be30942cf,pdf
Sigma 8.0 (DSA with C++),sigma-8-live-recordings,Assignment Solutions,https://api.asia-se1.learnworlds.com/unlock/file?lw_client=62a6cd5e1e9e2fbf212d608d&access_token=slxaAIaxHkGLVNaGmPmdW1h9w6QCnMMMju9b9QGf&file=pdf/Vectors Ans.pdf,6919dfff160eed8be30942c0,pdf
Sigma 8.0 (DSA with C++),sigma-8-live-recordings,Assignment Questions,https://api.asia-se1.learnworlds.com/unlock/file?lw_client=62a6cd5e1e9e2fbf212d608d&access_token=slxaAIaxHkGLVNaGmPmdW1h9w6QCnMMMju9b9QGf&file=pdf/Vectors Questions.pdf,6919dfff160eed8be30942bf,pdf
Sigma 8.0 (DSA with C++),sigma-8-live-recordings,Assignment Solutions,https://api.asia-se1.learnworlds.com/unlock/file?lw_client=62a6cd5e1e9e2fbf212d608d&access_token=slxaAIaxHkGLVNaGmPmdW1h9w6QCnMMMju9b9QGf&file=pdf/Strings Ans.pdf,6919dfff160eed8be30942b3,pdf
Sigma 8.0 (DSA with C++),sigma-8-live-recordings,Assignment Questions,https://api.asia-se1.learnworlds.com/unlock/file?lw_client=62a6cd5e1e9e2fbf212d608d&access_token=slxaAIaxHkGLVNaGmPmdW1h9w6QCnMMMju9b9QGf&file=pdf/String_Questions.pdf,6919dfff160eed8be30942b2,pdf
Sigma 8.0 (DSA with C++),sigma-8-live-recordings,Assignment Solutions,https://api.asia-se1.learnworlds.com/unlock/file?lw_client=62a6cd5e1e9e2fbf212d608d&access_token=slxaAIaxHkGLVNaGmPmdW1h9w6QCnMMMju9b9QGf&file=pdf/2D Arrays Ans.pdf,690a0cf3feae03277107f0ea,pdf
Sigma 8.0 (DSA with C++),sigma-8-live-recordings,Assignment Questions,https://api.asia-se1.learnworlds.com/unlock/file?lw_client=62a6cd5e1e9e2fbf212d608d&access_token=slxaAIaxHkGLVNaGmPmdW1h9w6QCnMMMju9b9QGf&file=pdf/1-2D Arrays Questions.pdf,690a0cf3feae03277107f0e9,pdf
Sigma 8.0 (DSA with C++),sigma-8-live-recordings,Assignment Activity,https://api.asia-se1.learnworlds.com/unlock/file?lw_client=62a6cd5e1e9e2fbf212d608d&access_token=slxaAIaxHkGLVNaGmPmdW1h9w6QCnMMMju9b9QGf&file=pdf/Sorting_Algos Questions.pdf,690a0cf3feae03277107f0dd,pdf
Sigma 8.0 (DSA with C++),sigma-8-live-recordings,Assignment Solutions,https://api.asia-se1.learnworlds.com/unlock/file?lw_client=62a6cd5e1e9e2fbf212d608d&access_token=slxaAIaxHkGLVNaGmPmdW1h9w6QCnMMMju9b9QGf&file=pdf/Arrays Ans.pdf,690a0cf2feae03277107f0d2,pdf
Sigma 8.0 (DSA with C++),sigma-8-live-recordings,Assignment Questions,https://api.asia-se1.learnworlds.com/unlock/file?lw_client=62a6cd5e1e9e2fbf212d608d&access_token=slxaAIaxHkGLVNaGmPmdW1h9w6QCnMMMju9b9QGf&file=pdf/Arrays_Questions.pdf,690a0cf2feae03277107f0d1,pdf
Sigma 8.0 (DSA with C++),sigma-8-live-recordings,Time & Space Complexity (Reading Material),https://api.asia-se1.learnworlds.com/unlock/file?lw_client=62a6cd5e1e9e2fbf212d608d&access_token=slxaAIaxHkGLVNaGmPmdW1h9w6QCnMMMju9b9QGf&file=pdf/Space and Time Complexity.pdf,690a0cf2feae03277107f0be,pdf
Sigma 8.0 (DSA with C++),sigma-8-live-recordings,Assignment Solutions,https://api.asia-se1.learnworlds.com/unlock/file?lw_client=62a6cd5e1e9e2fbf212d608d&access_token=slxaAIaxHkGLVNaGmPmdW1h9w6QCnMMMju9b9QGf&file=pdf/Pointers Ans.pdf,690a0cf2feae03277107f0b8,pdf
Sigma 8.0 (DSA with C++),sigma-8-live-recordings,Assignment Questions,https://api.asia-se1.learnworlds.com/unlock/file?lw_client=62a6cd5e1e9e2fbf212d608d&access_token=slxaAIaxHkGLVNaGmPmdW1h9w6QCnMMMju9b9QGf&file=pdf/Pointers Questions.pdf,690a0cf2feae03277107f0b7,pdf
Sigma 8.0 (DSA with C++),sigma-8-live-recordings,Assignment Solutions,https://api.asia-se1.learnworlds.com/unlock/file?lw_client=62a6cd5e1e9e2fbf212d608d&access_token=slxaAIaxHkGLVNaGmPmdW1h9w6QCnMMMju9b9QGf&file=pdf/Binary Numbers Ans.pdf,690a0cf2feae03277107f0ad,pdf
Sigma 8.0 (DSA with C++),sigma-8-live-recordings,Assignment Questions,https://api.asia-se1.learnworlds.com/unlock/file?lw_client=62a6cd5e1e9e2fbf212d608d&access_token=slxaAIaxHkGLVNaGmPmdW1h9w6QCnMMMju9b9QGf&file=pdf/Binary Numbers Questions.pdf,690a0cf2feae03277107f0ac,pdf
Sigma 8.0 (DSA with C++),sigma-8-live-recordings,MCQ Test Link,https://api.asia-se1.learnworlds.com/unlock/file?lw_client=62a6cd5e1e9e2fbf212d608d&access_token=slxaAIaxHkGLVNaGmPmdW1h9w6QCnMMMju9b9QGf&file=pdf/Test.pdf,68fa3b4387f7d968610eea26,pdf
Sigma 8.0 (DSA with C++),sigma-8-live-recordings,Assignment Solutions,https://api.asia-se1.learnworlds.com/unlock/file?lw_client=62a6cd5e1e9e2fbf212d608d&access_token=slxaAIaxHkGLVNaGmPmdW1h9w6QCnMMMju9b9QGf&file=pdf/Functions Ans.pdf,68fa3b4387f7d968610eea25,pdf
Sigma 8.0 (DSA with C++),sigma-8-live-recordings,Assignment Questions,https://api.asia-se1.learnworlds.com/unlock/file?lw_client=62a6cd5e1e9e2fbf212d608d&access_token=slxaAIaxHkGLVNaGmPmdW1h9w6QCnMMMju9b9QGf&file=pdf/1-Functions Questions.pdf,68fa3b4287f7d968610eea24,pdf
Sigma 8.0 (DSA with C++),sigma-8-live-recordings,Assignment Solutions,https://api.asia-se1.learnworlds.com/unlock/file?lw_client=62a6cd5e1e9e2fbf212d608d&access_token=slxaAIaxHkGLVNaGmPmdW1h9w6QCnMMMju9b9QGf&file=pdf/Patterns Ans.pdf,68fa3b4287f7d968610eea18,pdf
Sigma 8.0 (DSA with C++),sigma-8-live-recordings,Assignment Questions,https://api.asia-se1.learnworlds.com/unlock/file?lw_client=62a6cd5e1e9e2fbf212d608d&access_token=slxaAIaxHkGLVNaGmPmdW1h9w6QCnMMMju9b9QGf&file=pdf/Patterns Questions.pdf,68fa3b4287f7d968610eea17,pdf
Sigma 8.0 (DSA with C++),sigma-8-live-recordings,Class Slides,https://api.asia-se1.learnworlds.com/unlock/file?lw_client=62a6cd5e1e9e2fbf212d608d&access_token=slxaAIaxHkGLVNaGmPmdW1h9w6QCnMMMju9b9QGf&file=pdf/pattern slides cpp.pdf,68fa3b4287f7d968610eea16,pdf
Sigma 8.0 (DSA with C++),sigma-8-live-recordings,Assignment Solutions,https://api.asia-se1.learnworlds.com/unlock/file?lw_client=62a6cd5e1e9e2fbf212d608d&access_token=slxaAIaxHkGLVNaGmPmdW1h9w6QCnMMMju9b9QGf&file=pdf/Loops Ans.pdf,68fa3b4287f7d968610eea0a,pdf
Sigma 8.0 (DSA with C++),sigma-8-live-recordings,Assignment Questions,https://api.asia-se1.learnworlds.com/unlock/file?lw_client=62a6cd5e1e9e2fbf212d608d&access_token=slxaAIaxHkGLVNaGmPmdW1h9w6QCnMMMju9b9QGf&file=pdf/1-Loops Questions.pdf,68fa3b4287f7d968610eea09,pdf
Sigma 8.0 (DSA with C++),sigma-8-live-recordings,Assignment Solutions,https://api.asia-se1.learnworlds.com/unlock/file?lw_client=62a6cd5e1e9e2fbf212d608d&access_token=slxaAIaxHkGLVNaGmPmdW1h9w6QCnMMMju9b9QGf&file=pdf/Conditionals Ans.pdf,68fa3b4287f7d968610ee9fa,pdf
Sigma 8.0 (DSA with C++),sigma-8-live-recordings,Assignment Questions,https://api.asia-se1.learnworlds.com/unlock/file?lw_client=62a6cd5e1e9e2fbf212d608d&access_token=slxaAIaxHkGLVNaGmPmdW1h9w6QCnMMMju9b9QGf&file=pdf/Conditionals Questions.pdf,68fa3b4287f7d968610ee9f9,pdf
Sigma 8.0 (DSA with C++),sigma-8-live-recordings,Assignment Solutions,https://api.asia-se1.learnworlds.com/unlock/file?lw_client=62a6cd5e1e9e2fbf212d608d&access_token=slxaAIaxHkGLVNaGmPmdW1h9w6QCnMMMju9b9QGf&file=pdf/Operators_Ans.pdf,68fa3b4287f7d968610ee9f0,pdf
Sigma 8.0 (DSA with C++),sigma-8-live-recordings,Assignment Questions,https://api.asia-se1.learnworlds.com/unlock/file?lw_client=62a6cd5e1e9e2fbf212d608d&access_token=slxaAIaxHkGLVNaGmPmdW1h9w6QCnMMMju9b9QGf&file=pdf/1-Operators Questions.pdf,68fa3b4287f7d968610ee9ef,pdf
Sigma 8.0 (DSA with C++),sigma-8-live-recordings,Assignment Solutions,https://api.asia-se1.learnworlds.com/unlock/file?lw_client=62a6cd5e1e9e2fbf212d608d&access_token=slxaAIaxHkGLVNaGmPmdW1h9w6QCnMMMju9b9QGf&file=pdf/Variables_DataTypes Ans.pdf,68fa3b4287f7d968610ee9e5,pdf
Sigma 8.0 (DSA with C++),sigma-8-live-recordings,Assignment Questions,https://api.asia-se1.learnworlds.com/unlock/file?lw_client=62a6cd5e1e9e2fbf212d608d&access_token=slxaAIaxHkGLVNaGmPmdW1h9w6QCnMMMju9b9QGf&file=pdf/Variables_DataTypes Questions.pdf,68fa3b4287f7d968610ee9e4,pdf
Sigma 8.0 (DSA with C++),sigma-8-live-recordings,Assignment Solutions,https://api.asia-se1.learnworlds.com/unlock/file?lw_client=62a6cd5e1e9e2fbf212d608d&access_token=slxaAIaxHkGLVNaGmPmdW1h9w6QCnMMMju9b9QGf&file=pdf/Flowchart_Solutions.pdf,68fa3b4287f7d968610ee9d5,pdf
Sigma 8.0 (DSA with C++),sigma-8-live-recordings,Assignment Questions,https://api.asia-se1.learnworlds.com/unlock/file?lw_client=62a6cd5e1e9e2fbf212d608d&access_token=slxaAIaxHkGLVNaGmPmdW1h9w6QCnMMMju9b9QGf&file=pdf/FlowchartQs.pdf,68fa3b4287f7d968610ee9d4,pdf
Sigma 8.0 (DSA with C++),sigma-8-live-recordings,Installation Guide,https://api.asia-se1.learnworlds.com/unlock/file?lw_client=62a6cd5e1e9e2fbf212d608d&access_token=slxaAIaxHkGLVNaGmPmdW1h9w6QCnMMMju9b9QGf&file=pdf/1-Installation Guide Cpp.pdf,68fa3b4287f7d968610ee9c9,pdf
